{"cameraMode":{"drawMode":0,"name":"Shaded","section":"Shading Mode"},"sceneLighting":true,"audioPlay":false,"sceneViewState":{"m_AlwaysRefresh":false,"showFog":true,"showSkybox":true,"showFlares":true,"showImageEffects":true,"showParticleSystems":true,"showVisualEffectGraphs":true,"m_FxEnabled":true},"in2DMode":false,"pivot":{"x":24.599903106689454,"y":6.689127445220947,"z":2.5106420516967775},"rotation":{"x":-0.03330354392528534,"y":-0.0009022594895213842,"z":0.00003023489443876315,"w":-0.9994460344314575},"size":9.072139739990235,"orthographic":false}